-- MySQL dump 10.13  Distrib 5.5.24, for debian-linux-gnu (i686)
--
-- Host: localhost    Database: rasi
-- ------------------------------------------------------
-- Server version	5.5.24-0ubuntu0.12.04.1

/*!40101 SET @OLD_CHARACTER_SET_CLIENT=@@CHARACTER_SET_CLIENT */;
/*!40101 SET @OLD_CHARACTER_SET_RESULTS=@@CHARACTER_SET_RESULTS */;
/*!40101 SET @OLD_COLLATION_CONNECTION=@@COLLATION_CONNECTION */;
/*!40101 SET NAMES utf8 */;
/*!40103 SET @OLD_TIME_ZONE=@@TIME_ZONE */;
/*!40103 SET TIME_ZONE='+00:00' */;
/*!40014 SET @OLD_UNIQUE_CHECKS=@@UNIQUE_CHECKS, UNIQUE_CHECKS=0 */;
/*!40014 SET @OLD_FOREIGN_KEY_CHECKS=@@FOREIGN_KEY_CHECKS, FOREIGN_KEY_CHECKS=0 */;
/*!40101 SET @OLD_SQL_MODE=@@SQL_MODE, SQL_MODE='NO_AUTO_VALUE_ON_ZERO' */;
/*!40111 SET @OLD_SQL_NOTES=@@SQL_NOTES, SQL_NOTES=0 */;

--
-- Table structure for table `ajax`
--

DROP TABLE IF EXISTS `ajax`;
/*!40101 SET @saved_cs_client     = @@character_set_client */;
/*!40101 SET character_set_client = utf8 */;
CREATE TABLE `ajax` (
  `engine` varchar(255) DEFAULT NULL,
  `browser` varchar(255) DEFAULT NULL,
  `platform` varchar(255) DEFAULT NULL,
  `version` varchar(255) DEFAULT NULL,
  `grade` varchar(255) DEFAULT NULL
) ENGINE=InnoDB DEFAULT CHARSET=latin1;
/*!40101 SET character_set_client = @saved_cs_client */;

--
-- Dumping data for table `ajax`
--

/*LOCK TABLES `ajax` WRITE;*/
/*!40000 ALTER TABLE `ajax` DISABLE KEYS */;
INSERT INTO `ajax` VALUES ('Gecko','Firefox 1.0','Win 98+ /OSX.3+','1.8','A'),('Checko','Firefox 1.0','Win 98+ /OSX.3+','1.8','A'),('Webkit','Firefox 1.0','Win 98+ /OSX.3+','1.8','A');
/*!40000 ALTER TABLE `ajax` ENABLE KEYS */;
/*UNLOCK TABLES;*/

--
-- Table structure for table `languages`
--

DROP TABLE IF EXISTS `languages`;
/*!40101 SET @saved_cs_client     = @@character_set_client */;
/*!40101 SET character_set_client = utf8 */;
CREATE TABLE `languages` (
  `id` int(11) NOT NULL AUTO_INCREMENT,
  `language` varchar(250) NOT NULL,
  PRIMARY KEY (`id`)
) ENGINE=InnoDB AUTO_INCREMENT=2 DEFAULT CHARSET=latin1;
/*!40101 SET character_set_client = @saved_cs_client */;

--
-- Dumping data for table `languages`
--

/*LOCK TABLES `languages` WRITE;*/
/*!40000 ALTER TABLE `languages` DISABLE KEYS */;
INSERT INTO `languages` VALUES (1,'Malayalam');
/*!40000 ALTER TABLE `languages` ENABLE KEYS */;
/*UNLOCK TABLES;*/

--
-- Table structure for table `meanings`
--

DROP TABLE IF EXISTS `meanings`;
/*!40101 SET @saved_cs_client     = @@character_set_client */;
/*!40101 SET character_set_client = utf8 */;
CREATE TABLE `meanings` (
  `id` int(11) NOT NULL AUTO_INCREMENT,
  `wordid` int(11) NOT NULL,
  `meaning` varchar(250) CHARACTER SET utf8 NOT NULL,
  `languageid` int(11) NOT NULL,
  `createdby` varchar(250) NOT NULL,
  `modifiedby` varchar(250) NOT NULL,
  `createdon` datetime NOT NULL,
  `modifiedon` datetime NOT NULL,
  `comments` varchar(250) CHARACTER SET utf8 NOT NULL,
  `reference` varchar(250) CHARACTER SET utf8 NOT NULL,
  PRIMARY KEY (`id`),
  KEY `wordid` (`wordid`),
  KEY `id` (`id`),
  CONSTRAINT `meanings_ibfk_1` FOREIGN KEY (`wordid`) REFERENCES `words` (`id`),
  CONSTRAINT `meanings_ibfk_2` FOREIGN KEY (`wordid`) REFERENCES `words` (`id`),
  CONSTRAINT `meanings_ibfk_3` FOREIGN KEY (`wordid`) REFERENCES `words` (`id`) ON DELETE CASCADE
) ENGINE=InnoDB AUTO_INCREMENT=62 DEFAULT CHARSET=latin1;
/*!40101 SET character_set_client = @saved_cs_client */;

--
-- Dumping data for table `meanings`
--

/*LOCK TABLES `meanings` WRITE;*/
/*!40000 ALTER TABLE `meanings` DISABLE KEYS */;
INSERT INTO `meanings` VALUES (23,17,'വിവരം',1,'','','0000-00-00 00:00:00','0000-00-00 00:00:00','',''),(26,17,'രേഖ',1,'','','0000-00-00 00:00:00','0000-00-00 00:00:00','',''),(58,20,'re-expand',0,'Anupama','','2013-03-26 00:00:00','0000-00-00 00:00:00','bring','Anupama'),(59,18,'store',0,'Anupama','','2013-03-21 00:00:00','0000-00-00 00:00:00','stores','Anukamal'),(60,20,'bring back to normal size',0,'Anupama','','2013-04-04 00:00:00','0000-00-00 00:00:00','','');
/*!40000 ALTER TABLE `meanings` ENABLE KEYS */;
/*UNLOCK TABLES;*/

--
-- Table structure for table `rating`
--

DROP TABLE IF EXISTS `rating`;
/*!40101 SET @saved_cs_client     = @@character_set_client */;
/*!40101 SET character_set_client = utf8 */;
CREATE TABLE `rating` (
  `id` int(11) NOT NULL AUTO_INCREMENT,
  `word` varchar(250) DEFAULT NULL,
  `meaning` varchar(250) DEFAULT NULL,
  `rated_by` varchar(250) DEFAULT NULL,
  `rating` int(2) DEFAULT NULL,
  `reason` varchar(250) DEFAULT NULL,
  `meaning_id` int(11) NOT NULL,
  PRIMARY KEY (`id`),
  KEY `meaningid` (`meaning_id`),
  CONSTRAINT `rating_ibfk_1` FOREIGN KEY (`meaning_id`) REFERENCES `meanings` (`id`)
) ENGINE=InnoDB AUTO_INCREMENT=49 DEFAULT CHARSET=latin1;
/*!40101 SET character_set_client = @saved_cs_client */;

--
-- Dumping data for table `rating`
--

/*LOCK TABLES `rating` WRITE;*/
/*!40000 ALTER TABLE `rating` DISABLE KEYS */;
INSERT INTO `rating` VALUES (46,'decompress','re-expand','',4,'needs improvement',58),(47,'decompress','bring back to normal size','',3,'average',60),(48,'decompress','bring back to normal size','',3,'average',60);
/*!40000 ALTER TABLE `rating` ENABLE KEYS */;
/*UNLOCK TABLES;*/

--
-- Table structure for table `temp_meanings`
--

DROP TABLE IF EXISTS `temp_meanings`;
/*!40101 SET @saved_cs_client     = @@character_set_client */;
/*!40101 SET character_set_client = utf8 */;
CREATE TABLE `temp_meanings` (
  `id` int(11) NOT NULL AUTO_INCREMENT,
  `meaning` varchar(250) CHARACTER SET utf8 NOT NULL,
  `languageid` int(11) NOT NULL,
  `createdby` varchar(250) NOT NULL,
  `modifiedby` varchar(250) DEFAULT NULL,
  `createdon` timestamp NOT NULL DEFAULT CURRENT_TIMESTAMP,
  `modifiedon` datetime DEFAULT NULL,
  `comments` varchar(250) CHARACTER SET utf8 NOT NULL,
  `reference` varchar(250) CHARACTER SET utf8 NOT NULL,
  `status` varchar(2) NOT NULL,
  `word_id` int(11) NOT NULL,
  `remarks` varchar(250) DEFAULT NULL,
  PRIMARY KEY (`id`),
  KEY `word_id` (`word_id`),
  KEY `meaning` (`meaning`,`languageid`,`createdby`,`modifiedby`,`createdon`,`modifiedon`,`comments`,`reference`,`status`,`word_id`),
  CONSTRAINT `temp_meanings_ibfk_1` FOREIGN KEY (`word_id`) REFERENCES `words` (`id`) ON DELETE CASCADE
) ENGINE=InnoDB AUTO_INCREMENT=10 DEFAULT CHARSET=latin1;
/*!40101 SET character_set_client = @saved_cs_client */;

--
-- Dumping data for table `temp_meanings`
--

/*LOCK TABLES `temp_meanings` WRITE;*/
/*!40000 ALTER TABLE `temp_meanings` DISABLE KEYS */;
INSERT INTO `temp_meanings` VALUES (6,'storehouse of data',1,'Anupama',NULL,'2013-03-26 11:28:02',NULL,'base for data','dictionary','R',18,NULL),(7,'trial',1,'Anupama',NULL,'2013-04-04 10:43:09',NULL,'','','R',20,NULL),(8,'trial',1,'Anupama',NULL,'2013-04-04 10:43:14',NULL,'','','R',20,NULL),(9,'memory location where data is organized in a tabular format',1,'shijiltv',NULL,'2013-04-06 08:26:52',NULL,'my own explanation','my mind','R',18,NULL);
/*!40000 ALTER TABLE `temp_meanings` ENABLE KEYS */;
/*UNLOCK TABLES;*/

--
-- Table structure for table `users`
--

DROP TABLE IF EXISTS `users`;
/*!40101 SET @saved_cs_client     = @@character_set_client */;
/*!40101 SET character_set_client = utf8 */;
CREATE TABLE `users` (
  `id` int(11) NOT NULL AUTO_INCREMENT,
  `username` varchar(16) DEFAULT NULL,
  `password` char(16) DEFAULT NULL,
  `email` varchar(25) DEFAULT NULL,
  `role` int(1) DEFAULT NULL,
  PRIMARY KEY (`id`),
  UNIQUE KEY `username` (`username`)
) ENGINE=InnoDB AUTO_INCREMENT=17 DEFAULT CHARSET=latin1;
/*!40101 SET character_set_client = @saved_cs_client */;

--
-- Dumping data for table `users`
--

/*LOCK TABLES `users` WRITE;*/
/*!40000 ALTER TABLE `users` DISABLE KEYS */;
INSERT INTO `users` VALUES (1,'shijiltv','test','shijiltv@gmail.com',1),(2,'Anupama','redlotus','anupama.2312.bmsit@gmail.',2),(4,'Bharathi','redlotus','bharathi121956@gmail.com',2),(6,'mer','redlotus','anupama.2312.bmsit@gmail.',2),(7,'juju','booboo','bharathi121956@gmail.com',2),(8,'teenu','seema','avc@gmail.com',2),(16,'tintin','rest-assured','avc@gmail.com',2);
/*!40000 ALTER TABLE `users` ENABLE KEYS */;
/*UNLOCK TABLES;*/

--
-- Table structure for table `words`
--

DROP TABLE IF EXISTS `words`;
/*!40101 SET @saved_cs_client     = @@character_set_client */;
/*!40101 SET character_set_client = utf8 */;
CREATE TABLE `words` (
  `id` int(11) NOT NULL AUTO_INCREMENT,
  `word` varchar(250) NOT NULL,
  `createdby` varchar(250) NOT NULL,
  `modifiedby` varchar(250) NOT NULL,
  `createdon` datetime NOT NULL,
  `modifiedon` datetime NOT NULL,
  PRIMARY KEY (`id`),
  KEY `id` (`id`)
) ENGINE=InnoDB AUTO_INCREMENT=172 DEFAULT CHARSET=latin1;
/*!40101 SET character_set_client = @saved_cs_client */;

--
-- Dumping data for table `words`
--

/*LOCK TABLES `words` WRITE;*/
/*!40000 ALTER TABLE `words` DISABLE KEYS */;
INSERT INTO `words` VALUES (17,'data','admin','admin','2013-02-27 00:00:00','2013-02-27 00:00:00'),(18,'database','admin','admin','2013-02-27 00:00:00','2013-02-27 00:00:00'),(19,'Debian','admin','admin','2013-02-27 00:00:00','2013-02-27 00:00:00'),(20,'decompress','admin','admin','2013-02-27 00:00:00','2013-02-27 00:00:00'),(21,'desktop','admin','admin','2013-02-27 00:00:00','2013-02-27 00:00:00'),(22,'dialer','admin','admin','2013-02-27 00:00:00','2013-02-27 00:00:00'),(23,'document','admin','admin','2013-02-27 00:00:00','2013-02-27 00:00:00'),(24,'disk operating system (redirect (or disambig) from DOS)','admin','admin','2013-02-27 00:00:00','2013-02-27 00:00:00'),(25,'download','admin','admin','2013-02-27 00:00:00','2013-02-27 00:00:00'),(26,'ENIAC Electronic Numerical Integrator and Calculator','admin','admin','2013-02-27 00:00:00','2013-02-27 00:00:00'),(27,'electricity','admin','admin','2013-02-27 00:00:00','2013-02-27 00:00:00'),(28,'email','admin','admin','2013-02-27 00:00:00','2013-02-27 00:00:00'),(29,'Encarta encyclopedia','admin','admin','2013-02-27 00:00:00','2013-02-27 00:00:00'),(30,'Epiphany web browser','admin','admin','2013-02-27 00:00:00','2013-02-27 00:00:00'),(31,'End User License Agreement (redirect from EULA)','admin','admin','2013-02-27 00:00:00','2013-02-27 00:00:00'),(32,'Explorer','admin','admin','2013-02-27 00:00:00','2013-02-27 00:00:00'),(33,'ext2 filesystem type','admin','admin','2013-02-27 00:00:00','2013-02-27 00:00:00'),(34,'ext3 filesystem type','admin','admin','2013-02-27 00:00:00','2013-02-27 00:00:00'),(35,'File allocation table (disambiguation from FAT or fat)','admin','admin','2013-02-27 00:00:00','2013-02-27 00:00:00'),(36,'FAT16 filesystem','admin','admin','2013-02-27 00:00:00','2013-02-27 00:00:00'),(37,'FAT32 filesystem','admin','admin','2013-02-27 00:00:00','2013-02-27 00:00:00'),(38,'Fedora','admin','admin','2013-02-27 00:00:00','2013-02-27 00:00:00'),(39,'file','admin','admin','2013-02-27 00:00:00','2013-02-27 00:00:00'),(40,'file types by ending','admin','admin','2013-02-27 00:00:00','2013-02-27 00:00:00'),(41,'filesharing','admin','admin','2013-02-27 00:00:00','2013-02-27 00:00:00'),(42,'filesystem','admin','admin','2013-02-27 00:00:00','2013-02-27 00:00:00'),(43,'firewall','admin','admin','2013-02-27 00:00:00','2013-02-27 00:00:00'),(44,'folder','admin','admin','2013-02-27 00:00:00','2013-02-27 00:00:00'),(45,'free','admin','admin','2013-02-27 00:00:00','2013-02-27 00:00:00'),(46,'FreeBSD','admin','admin','2013-02-27 00:00:00','2013-02-27 00:00:00'),(47,'freeware','admin','admin','2013-02-27 00:00:00','2013-02-27 00:00:00'),(48,'FTP','admin','admin','2013-02-27 00:00:00','2013-02-27 00:00:00'),(49,'Facebook','admin','admin','2013-02-27 00:00:00','2013-02-27 00:00:00'),(50,'gigabyte (redir from gb)','admin','admin','2013-02-27 00:00:00','2013-02-27 00:00:00'),(51,'Gimp','admin','admin','2013-02-27 00:00:00','2013-02-27 00:00:00'),(52,'Gmail','admin','admin','2013-02-27 00:00:00','2013-02-27 00:00:00'),(53,'Gnome','admin','admin','2013-02-27 00:00:00','2013-02-27 00:00:00'),(54,'Google','admin','admin','2013-02-27 00:00:00','2013-02-27 00:00:00'),(55,'GNU','admin','admin','2013-02-27 00:00:00','2013-02-27 00:00:00'),(56,'GnuPG','admin','admin','2013-02-27 00:00:00','2013-02-27 00:00:00'),(57,'hacker','admin','admin','2013-02-27 00:00:00','2013-02-27 00:00:00'),(58,'hard disk (redirs from hard drive, hard disk drive, harddisk)','admin','admin','2013-02-27 00:00:00','2013-02-27 00:00:00'),(59,'hardware','admin','admin','2013-02-27 00:00:00','2013-02-27 00:00:00'),(60,'Hash_function','admin','admin','2013-02-27 00:00:00','2013-02-27 00:00:00'),(61,'home page','admin','admin','2013-02-27 00:00:00','2013-02-27 00:00:00'),(62,'HTML','admin','admin','2013-02-27 00:00:00','2013-02-27 00:00:00'),(63,'HTTP','admin','admin','2013-02-27 00:00:00','2013-02-27 00:00:00'),(64,'HTTP_Cookie','admin','admin','2013-02-27 00:00:00','2013-02-27 00:00:00'),(65,'Java (language) or Java programming language','admin','admin','2013-02-27 00:00:00','2013-02-27 00:00:00'),(66,'J#','admin','admin','2013-02-27 00:00:00','2013-02-27 00:00:00'),(67,'KDE*','admin','admin','2013-02-27 00:00:00','2013-02-27 00:00:00'),(68,'kernel','admin','admin','2013-02-27 00:00:00','2013-02-27 00:00:00'),(69,'keyboard','admin','admin','2013-02-27 00:00:00','2013-02-27 00:00:00'),(70,'laptop','admin','admin','2013-02-27 00:00:00','2013-02-27 00:00:00'),(71,'licensing examples for computer software','admin','admin','2013-02-27 00:00:00','2013-02-27 00:00:00'),(72,'link','admin','admin','2013-02-27 00:00:00','2013-02-27 00:00:00'),(73,'Linux','admin','admin','2013-02-27 00:00:00','2013-02-27 00:00:00'),(74,'Lavasoft','admin','admin','2013-02-27 00:00:00','2013-02-27 00:00:00'),(75,'live cd','admin','admin','2013-02-27 00:00:00','2013-02-27 00:00:00'),(76,'Macintosh','admin','admin','2013-02-27 00:00:00','2013-02-27 00:00:00'),(77,'Mac OS','admin','admin','2013-02-27 00:00:00','2013-02-27 00:00:00'),(78,'Mac OS X','admin','admin','2013-02-27 00:00:00','2013-02-27 00:00:00'),(79,'Malware','admin','admin','2013-02-27 00:00:00','2013-02-27 00:00:00'),(80,'Mandrake Linux','admin','admin','2013-02-27 00:00:00','2013-02-27 00:00:00'),(81,'Martus','admin','admin','2013-02-27 00:00:00','2013-02-27 00:00:00'),(82,'md5','admin','admin','2013-02-27 00:00:00','2013-02-27 00:00:00'),(83,'media','admin','admin','2013-02-27 00:00:00','2013-02-27 00:00:00'),(84,'megabyte (redir or disamb from mb)','admin','admin','2013-02-27 00:00:00','2013-02-27 00:00:00'),(85,'Microsoft','admin','admin','2013-02-27 00:00:00','2013-02-27 00:00:00'),(86,'modify','admin','admin','2013-02-27 00:00:00','2013-02-27 00:00:00'),(87,'monitor','admin','admin','2013-02-27 00:00:00','2013-02-27 00:00:00'),(88,'Motherboard','admin','admin','2013-02-27 00:00:00','2013-02-27 00:00:00'),(89,'mouse','admin','admin','2013-02-27 00:00:00','2013-02-27 00:00:00'),(90,'Mozilla web browser','admin','admin','2013-02-27 00:00:00','2013-02-27 00:00:00'),(91,'Mozilla Firefox web browser','admin','admin','2013-02-27 00:00:00','2013-02-27 00:00:00'),(92,'Modem','admin','admin','2013-02-27 00:00:00','2013-02-27 00:00:00'),(93,'NTFS filesystem type','admin','admin','2013-02-27 00:00:00','2013-02-27 00:00:00'),(94,'Netscape','admin','admin','2013-02-27 00:00:00','2013-02-27 00:00:00'),(95,'Netscape Navigator web browser','admin','admin','2013-02-27 00:00:00','2013-02-27 00:00:00'),(96,'network','admin','admin','2013-02-27 00:00:00','2013-02-27 00:00:00'),(97,'non-commercial','admin','admin','2013-02-27 00:00:00','2013-02-27 00:00:00'),(98,'notebook computer','admin','admin','2013-02-27 00:00:00','2013-02-27 00:00:00'),(99,'ogg file format for multimedia','admin','admin','2013-02-27 00:00:00','2013-02-27 00:00:00'),(100,'OpenOffice.org','admin','admin','2013-02-27 00:00:00','2013-02-27 00:00:00'),(101,'Open Site','admin','admin','2013-02-27 00:00:00','2013-02-27 00:00:00'),(102,'open source','admin','admin','2013-02-27 00:00:00','2013-02-27 00:00:00'),(103,'open source computer programs','admin','admin','2013-02-27 00:00:00','2013-02-27 00:00:00'),(104,'open source computer programs and their commercial equivalents','admin','admin','2013-02-27 00:00:00','2013-02-27 00:00:00'),(105,'Opera web browser','admin','admin','2013-02-27 00:00:00','2013-02-27 00:00:00'),(106,'operating system','admin','admin','2013-02-27 00:00:00','2013-02-27 00:00:00'),(107,'operating systems, a list','admin','admin','2013-02-27 00:00:00','2013-02-27 00:00:00'),(108,'page','admin','admin','2013-02-27 00:00:00','2013-02-27 00:00:00'),(109,'Perl','admin','admin','2013-02-27 00:00:00','2013-02-27 00:00:00'),(110,'personal computer (PC)','admin','admin','2013-02-27 00:00:00','2013-02-27 00:00:00'),(111,'pdf or more likely PDF','admin','admin','2013-02-27 00:00:00','2013-02-27 00:00:00'),(112,'peer to peer, P2P','admin','admin','2013-02-27 00:00:00','2013-02-27 00:00:00'),(113,'PGP','admin','admin','2013-02-27 00:00:00','2013-02-27 00:00:00'),(114,'PHP','admin','admin','2013-02-27 00:00:00','2013-02-27 00:00:00'),(115,'piracy','admin','admin','2013-02-27 00:00:00','2013-02-27 00:00:00'),(116,'pirate','admin','admin','2013-02-27 00:00:00','2013-02-27 00:00:00'),(117,'plug-in','admin','admin','2013-02-27 00:00:00','2013-02-27 00:00:00'),(118,'pop up','admin','admin','2013-02-27 00:00:00','2013-02-27 00:00:00'),(119,'printer','admin','admin','2013-02-27 00:00:00','2013-02-27 00:00:00'),(120,'privacy','admin','admin','2013-02-27 00:00:00','2013-02-27 00:00:00'),(121,'proprietary','admin','admin','2013-02-27 00:00:00','2013-02-27 00:00:00'),(122,'program','admin','admin','2013-02-27 00:00:00','2013-02-27 00:00:00'),(123,'program','admin','admin','2013-02-27 00:00:00','2013-02-27 00:00:00'),(124,'program release','admin','admin','2013-02-27 00:00:00','2013-02-27 00:00:00'),(125,'Python_(programming_language)','admin','admin','2013-02-27 00:00:00','2013-02-27 00:00:00'),(126,'QNX','admin','admin','2013-02-27 00:00:00','2013-02-27 00:00:00'),(127,'QuickBasic','admin','admin','2013-02-27 00:00:00','2013-02-27 00:00:00'),(128,'QuickTime','admin','admin','2013-02-27 00:00:00','2013-02-27 00:00:00'),(129,'Random_access_memory(redirect from RAM)','admin','admin','2013-02-27 00:00:00','2013-02-27 00:00:00'),(130,'ReactOS','admin','admin','2013-02-27 00:00:00','2013-02-27 00:00:00'),(131,'Read-only_memory(redirect from ROM)','admin','admin','2013-02-27 00:00:00','2013-02-27 00:00:00'),(132,'RedHat','admin','admin','2013-02-27 00:00:00','2013-02-27 00:00:00'),(133,'Reiser FS filesystem type','admin','admin','2013-02-27 00:00:00','2013-02-27 00:00:00'),(134,'root','admin','admin','2013-02-27 00:00:00','2013-02-27 00:00:00'),(135,'RSA','admin','admin','2013-02-27 00:00:00','2013-02-27 00:00:00'),(136,'Recycle Bin','admin','admin','2013-02-27 00:00:00','2013-02-27 00:00:00'),(137,'scan','admin','admin','2013-02-27 00:00:00','2013-02-27 00:00:00'),(138,'search engine','admin','admin','2013-02-27 00:00:00','2013-02-27 00:00:00'),(139,'security','admin','admin','2013-02-27 00:00:00','2013-02-27 00:00:00'),(140,'server','admin','admin','2013-02-27 00:00:00','2013-02-27 00:00:00'),(141,'shared source','admin','admin','2013-02-27 00:00:00','2013-02-27 00:00:00'),(142,'shareware','admin','admin','2013-02-27 00:00:00','2013-02-27 00:00:00'),(143,'software','admin','admin','2013-02-27 00:00:00','2013-02-27 00:00:00'),(144,'spam','admin','admin','2013-02-27 00:00:00','2013-02-27 00:00:00'),(145,'spamming','admin','admin','2013-02-27 00:00:00','2013-02-27 00:00:00'),(146,'Spreadsheet','admin','admin','2013-02-27 00:00:00','2013-02-27 00:00:00'),(147,'spyware','admin','admin','2013-02-27 00:00:00','2013-02-27 00:00:00'),(148,'super computer','admin','admin','2013-02-27 00:00:00','2013-02-27 00:00:00'),(149,'super user','admin','admin','2013-02-27 00:00:00','2013-02-27 00:00:00'),(150,'surfing the internet','admin','admin','2013-02-27 00:00:00','2013-02-27 00:00:00'),(151,'Suse','admin','admin','2013-02-27 00:00:00','2013-02-27 00:00:00'),(152,'SDK','admin','admin','2013-02-27 00:00:00','2013-02-27 00:00:00'),(153,'training for computers','admin','admin','2013-02-27 00:00:00','2013-02-27 00:00:00'),(154,'Trojan horse','admin','admin','2013-02-27 00:00:00','2013-02-27 00:00:00'),(155,'Ubuntu','admin','admin','2013-02-27 00:00:00','2013-02-27 00:00:00'),(156,'undo','admin','admin','2013-02-27 00:00:00','2013-02-27 00:00:00'),(157,'UNIX','admin','admin','2013-02-27 00:00:00','2013-02-27 00:00:00'),(158,'update','admin','admin','2013-02-27 00:00:00','2013-02-27 00:00:00'),(159,'upload','admin','admin','2013-02-27 00:00:00','2013-02-27 00:00:00'),(160,'user','admin','admin','2013-02-27 00:00:00','2013-02-27 00:00:00'),(161,'version','admin','admin','2013-02-27 00:00:00','2013-02-27 00:00:00'),(162,'virtual community','admin','admin','2013-02-27 00:00:00','2013-02-27 00:00:00'),(163,'Visual Basic','admin','admin','2013-02-27 00:00:00','2013-02-27 00:00:00'),(164,'virus','admin','admin','2013-02-27 00:00:00','2013-02-27 00:00:00'),(165,'Windows','admin','admin','2013-02-27 00:00:00','2013-02-27 00:00:00'),(166,'Xine','admin','admin','2013-02-27 00:00:00','2013-02-27 00:00:00'),(167,'XML','admin','admin','2013-02-27 00:00:00','2013-02-27 00:00:00'),(168,'X32(system type)','admin','admin','2013-02-27 00:00:00','2013-02-27 00:00:00'),(169,'X64(system type)','admin','admin','2013-02-27 00:00:00','2013-02-27 00:00:00'),(170,'Yahoo!','admin','admin','2013-02-27 00:00:00','2013-02-27 00:00:00'),(171,'ZIP (file format)','admin','admin','2013-02-27 00:00:00','2013-02-27 00:00:00');
/*!40000 ALTER TABLE `words` ENABLE KEYS */;
/*UNLOCK TABLES;*/
/*!40103 SET TIME_ZONE=@OLD_TIME_ZONE */;

/*!40101 SET SQL_MODE=@OLD_SQL_MODE */;
/*!40014 SET FOREIGN_KEY_CHECKS=@OLD_FOREIGN_KEY_CHECKS */;
/*!40014 SET UNIQUE_CHECKS=@OLD_UNIQUE_CHECKS */;
/*!40101 SET CHARACTER_SET_CLIENT=@OLD_CHARACTER_SET_CLIENT */;
/*!40101 SET CHARACTER_SET_RESULTS=@OLD_CHARACTER_SET_RESULTS */;
/*!40101 SET COLLATION_CONNECTION=@OLD_COLLATION_CONNECTION */;
/*!40111 SET SQL_NOTES=@OLD_SQL_NOTES */;

-- Dump completed on 2013-04-22 14:15:31
